[
//  {
//    "enumerationType" : "SAVE_MINIMAL_TRIANGULATIONS",
//    "enumerationPurpose" : "ML_TRAIN_MODEL",
//    "time_limit": 60,
//    "inputPath": "/home/dvirdu/IdeaProjects/efficient-td-enum/dflat/test_instances",
//
//
//    "mlClassifierType" : "WEKA",
//
//    "mlModelType": "COMBINED",
//
//    "mlModelInput": "FILES",
//
//    "mlProblemType": "DFLAT_3COL",
//
//    "mlSortTD": "NO",
//
//    "solverTimeLimit": 10805,
//
//    "solverMemoryLimit" : 554432,
//    "tdLimitPerGraph": 40
//
//  }

  {
    "enumerationType" : "SAVE_MINIMAL_TRIANGULATIONS",
    "enumerationPurpose" : "ML_PREDICT",
    "time_limit": 30,
    //"inputPath": "/home/dvirdu/IdeaProjects/efficient-td-enum/csv_files/tmp_res_results_cleaned.csv",
    "datasetPath": "/home/dvirdu/IdeaProjects/efficient-td-enum/datasets/3col/1",


//    "modelStorePath" : "/home/dvirdu/IdeaProjects/efficient-td-enum/models/tmp/nop2",
//    "modelLoadPath" : "/home/dvirdu/IdeaProjects/efficient-td-enum/models/tmp/nop2",
    "mlClassifierType" : "WEKA",

    "mlModelType": "COMBINED",

    "mlModelInput": "FILES",

    "mlProblemType": "DFLAT_3COL",

    "mlSortTD": "NO",

    "solverTimeLimit": 10805,

    "solverMemoryLimit" : 554432,
    "tdLimitPerGraph": 40,
    "transformationMode": "NONE"
  }
]